ADMIN1;ADMIN2;FUNC1;2018_EXECUTED;2018_ADJUSTED;2019_EXECUTED;2019_ADJUSTED;2020_EXECUTED;2020_ADJUSTED;2021_EXECUTED;2021_ADJUSTED;2022_EXECUTED;2022_ADJUSTED;2023_EXECUTED;2023_ADJUSTED;2024_EXECUTED;2024_ADJUSTED;2025_EXECUTED;2025_ADJUSTED;2026_EXECUTED;2026_ADJUSTED
Державний бюджет;;;985372548516.41;876950297525;1072891487454.96;979914063543;1288016706161.71;1311320453742.3;1490258911358.77;1478522062323.19;2705423311855.97;3054510062583;4014418147743.01;3487891519699;4486682733858.66;3838627714750;5473577192612.69;4741240291102;658447037096.61;4719110976345
Державний бюджет;Державний бюджет;;985372548516.41;876950297525;1072891487454.96;979914063543;1288016706161.71;1311320453742.3;1490258911358.77;1478522062323.19;2705423311855.97;3054510062583;4014418147743.01;3487891519699;4486682733858.66;3838627714750;5473577192612.69;4741240291102;658447037096.61;4719110976345
Державний бюджет;Державний бюджет;0100 Загальнодержавні функції;461412191226.52;349590165752;428561078743.42;321974089267;324622074259.66;345493859459;409523955882.22;423014710105.19;338802362602.12;389160049721;473524294713.16;526504968892;562239083395.31;595382651687;634766441616.79;716878143396;95987350838.61;892735499733
Державний бюджет;Державний бюджет;0200 Оборона;97023982340.56;93948476960;106627694517.54;104889003250;120374141092.52;118681285563;127527254293.4;123536854104;1142872375839.75;1198379329056;2097620460310.28;1478463722028;2305194662312.77;1639380195657;3069857418255.98;2296033583579;334654490109.03;2049733162973
Державний бюджет;Державний бюджет;0300 Громадський порядок, безпека та судова влада;116803175855.55;116167460186;140060161001.35;139040367506;151804094684.32;151620759736.3;174342068920.49;169763624490;443330304780.86;420119307201;574662999585.86;541506593038;692658704901.22;636159624604;819362262787.05;723263932840;103607175554.98;702812231729
Державний бюджет;Державний бюджет;0400 Економічна діяльність;63679167254.35;72466873424;69553496741.1;80437419060;133587902990.75;120869202040;187686787316.26;166035342126;95368405286.5;330265040152;134263529133.96;184408348223;163133775996.9;184846402436;168746144889.78;202818176464;12949890460.78;188529078450
Державний бюджет;Державний бюджет;0500 Охорона навколишнього природного середовища;5241202036.7;5999381896;6316230226.65;7569061522;43152438996.44;44767021447;8231550505.06;9110341172;4714120529.92;5747992110;5202459061.6;5938138560;9515054562.39;10695807190;10546732506;10765259228;1177501629.16;11573391600
Державний бюджет;Державний бюджет;0600 Житлово-комунальне господарство;296929593.33;413900000;107969576.08;161878000;342592526.56;571049328;164053319.43;364737400;528646771.26;721258591;8369376512.42;8744762000;7540454640.81;8383443406;14985990165.61;17012474466;11955744.88;645637800
Державний бюджет;Державний бюджет;0700 Охорона здоров'я;22637167348.25;20983110130;38561591596.8;38134553800;124874118862.59;130902888100;170505173040.66;169748202100;184267839745.45;192336948600;179310611078.68;176001986818;201445413355.67;204132325092;218840536270.43;218904131636;28930063955.2;253455077700
Державний бюджет;Державний бюджет;0800 Духовний та фізичний розвиток;10107073772.16;10367182005;9966973427.07;10546435400;12119455913.71;13008185500;17162069839.51;20310553432;11051260497.18;12371480549;11765307234.68;12259739408;16027294396.38;16990822289;15797506467.67;16770941685;1752960465.48;20283636800
Державний бюджет;Державний бюджет;0900 Освіта;44306070185.16;43178610500;54488462544.52;55769112200;61701302310.92;64310630793;63837321982.88;63848536373;58500971089.13;67746787412;60452218447.52;66733624632;64738040520.67;67975635220;67260765529.83;74142636424;10116295360.9;116052852760
Державний бюджет;Державний бюджет;1000 Соціальний захист та соціальне забезпечення;163865588903.83;163835136672;218647829080.43;221392143538;315438584524.24;321095571776;331278676258.86;332789161021;425987024713.8;437661869191;469246891664.85;479407126100;464014800318.97;474495916869;453413394123.55;464651011384;69259352977.59;483290406800
Державний бюджет;Державний бюджет;-9 не існує;;;;;;;;;;;0;7922510000;175449457.57;184890300;;;;
Місцеві бюджети;;;744100414096.1;779432024081.91;690252154124.67;737268287656.67;516192199796.34;559860387326.04;597233182964.72;641814789150.75;495583846966.23;638168837385.64;670637635434.66;769033522497.45;701333926953.61;776832000449.19;808652536594.35;877503051190.03;102673645109.23;769565467919.94
Місцеві бюджети;Вінницька обл.;;30703198841.47;31388330251.66;27382797898.56;28799964604.07;19714538072.63;20784329967.64;20880483073.96;21564947763.61;19416776294.29;22613495643.64;26375508274.56;28138940067.93;26809771127.63;27273991033.71;30216115501.11;30862520137.8;4484306243.68;29653253132.92
Місцеві бюджети;Вінницька обл.;0100 Загальнодержавні функції;9328696391.8;9405207298.2;6968482015.07;7595581447.29;3770379649.38;4079013157.49;2931323041.79;3077238345.35;2280702906.66;3085754985;4073607189.67;4841263471.72;4395146830.25;4594344816.23;5710726030.15;6043711045.66;819861765.57;5287303307.67
Місцеві бюджети;Вінницька обл.;0300 Громадський порядок, безпека та судова влада;67370622.94;68855228.47;71092310.33;67430377.83;83097685.99;87635893.82;86905873.92;92332243.74;326700424.49;376461001.35;259996223.59;437917857.19;678656268.33;815006355.78;957301395.69;1006292785.8;103991296.5;1153596189
Місцеві бюджети;Вінницька обл.;0400 Економічна діяльність;2745680682.93;3317590966.27;2935958325.34;3339354561.9;2998699697.59;3345876463.95;3341874230.43;3645028028.67;1816854070.76;3404933652.77;4266913542.55;4914372577.08;2511032875.56;2565823902.26;1927314639.81;2275659546.79;237900201.65;1872886831.72
Місцеві бюджети;Вінницька обл.;0500 Охорона навколишнього природного середовища;167033430.67;217934251.66;137287404.83;174576848.99;47725851.72;149473374.91;110167660.47;152435531.31;32063111.9;57228320.92;51421140.8;62073860.45;25752950.83;59328949.08;43593402.71;54456746.21;655415.46;20647311
Місцеві бюджети;Вінницька обл.;0600 Житлово-комунальне господарство;815831284.98;837790335.34;1197078946.84;1213904866.19;1037871430.46;1056651919.49;1241625964.51;1408576089.45;1298494449.3;1743429153.38;1976744744.61;2103640737.57;1650105987.63;1692934445.68;1908276182.37;2000663228.5;179303619.68;2082635483.42
Місцеві бюджети;Вінницька обл.;0700 Охорона здоров'я;3646182666.32;3453705710.21;3607431510.74;3486827660.77;2076338958.01;2143669020.56;1391447872.53;1253462337.14;1497592129.79;1459653221.65;1760111533.85;1758640252.05;1354879128.84;1352370865.08;1494227259.12;1479727844.61;242604133.44;1517062642.52
Місцеві бюджети;Вінницька обл.;0800 Духовний та фізичний розвиток;762273226.58;771651964.43;897573665.4;907146930.87;866483575.35;876920175.12;962304929.49;962776458.51;1041934254.95;1043091058.18;1213209080.59;1224449677.98;1337986765.64;1346449622.68;1478616943.37;1484851194.52;210175338.28;1566369801
Місцеві бюджети;Вінницька обл.;0900 Освіта;6657063946.15;6766249570.23;7492182258.98;7436210400.16;8044504760.57;8244916073.96;9841394480.15;9997910682.32;9936889815.08;10266130977.9;10992008638.86;11055838947.94;12697906878.64;12720932955.54;14099866520.2;13906259295.82;2399402456;13955306664.89
Місцеві бюджети;Вінницька обл.;1000 Соціальний захист та соціальне забезпечення;6513066589.1;6549344926.85;4075711461.03;4578931510.07;789436463.56;800173888.34;973439020.67;975188047.12;1185545131.36;1176813272.49;1781496180.04;1740742685.95;2158303441.91;2126799121.38;2596193127.69;2610898449.89;290412017.1;2173211141.7
Місцеві бюджети;Вінницька обл.;-9 не існує;;;;;;;;;;;;;;;;;0;24233760
Місцеві бюджети;Волинська обл.;;20762008439.54;22389286704.8;18964053896.74;20494166807.48;12984016451.57;13971048522.06;13915781566.75;14640748921.41;12655610316.45;15018766048.49;17784600993.45;19418507025.59;18206184628.69;19445091797;20525290832.05;21883256201.04;3105716715.76;20156365476.73
Місцеві бюджети;Волинська обл.;0100 Загальнодержавні функції;6447550228.54;6696909896.5;5336175400.53;5878834718.52;2380440820.3;2537491671.78;2040156683.28;2171657887.53;1755477985.81;2309727792.75;3279141892.21;3693109377.44;2823218405.06;2987224695.16;3565144986.74;3806289709.36;496591338.95;3187738588.9
Місцеві бюджети;Волинська обл.;0300 Громадський порядок, безпека та судова влада;25788581.68;27740890.52;28430076.1;30469031.02;38683475.17;40924248.36;41457660.65;43184731.44;199351202.28;244339282.59;438789614.38;560643066.53;769465238.5;805509942.88;490572007.13;512888927.12;61409176.43;507740964
Місцеві бюджети;Волинська обл.;0400 Економічна діяльність;1632609202.7;2844377806.33;1570349509.34;2002346435.41;1880396146.84;2301267151.63;1991946148.11;2289019306.83;822316453.87;1796868880.12;2299523618.99;2798035674.67;1426398560.15;1975602082.58;1312385659.71;1781294535.49;88736586.78;1162112964.13
Місцеві бюджети;Волинська обл.;0500 Охорона навколишнього природного середовища;10992040.31;16228708.93;42956128.87;51321147.37;13365895.81;19095901.87;17558887.4;22255541.61;8860803.11;17343935.31;18116647.45;29859316.19;18350932.31;22847689.5;24340383.6;33720147.15;0;12792586.14
Місцеві бюджети;Волинська обл.;0600 Житлово-комунальне господарство;381956504.24;399351496.7;460099758.64;484018580.66;479238425.98;519277848.16;562873176.2;611005536.33;449073076.03;620424765.26;898854331.71;1034829432.86;915414458.87;967159072.33;1188777522.77;1272227323.7;120126647.36;1258500472
Місцеві бюджети;Волинська обл.;0700 Охорона здоров'я;2183254129.16;2139589430.31;2024481794.99;2051539123.99;1038632434.84;1059834675.13;469362091.86;492180302.43;570745518.72;630584339.6;710302332.8;778728345.73;567924060.27;589492030.22;695638274.38;761209073.3;121961897.88;752910360.76
Місцеві бюджети;Волинська обл.;0800 Духовний та фізичний розвиток;459695417.37;460626541.79;539601281.98;525560583.94;517138378.49;521309864.2;608106814.6;593898745.25;563049826.46;623644436.26;718798257.52;764163802.39;773502447.83;797644000.96;862753370.93;869421721.18;127315395.7;951538520
Місцеві бюджети;Волинська обл.;0900 Освіта;5092219053.2;5184125120.26;5714437673.25;5905396484.54;6226620426.23;6550178853.87;7727054903.88;7955198514.95;7699652597.81;8190068717.35;8603265586.11;8940191685.34;9880924472.33;10271632965.05;11042764516.71;11482941416.86;1913607522.35;11121398172.8
Місцеві бюджети;Волинська обл.;1000 Соціальний захист та соціальне забезпечення;4527943282.34;4620336813.46;3247522273.04;3564680702.03;409500447.91;421668307.06;457265200.77;462348355.04;587082852.36;585763899.25;817808712.28;818946324.44;1030986053.37;1027979318.32;1342514110.08;1362863346.88;169894368.92;1134734918
Місцеві бюджети;Волинська обл.;-9 не існує;;;;;;;;;;;;;;;400000;400000;6073781.39;66897930
Місцеві бюджети;Дніпропетровська обл.;;66737910868.27;69642803206.85;60409611299.2;64010580803.76;46985816630.02;51695965758.58;59974780867.76;64536713719.39;51063384467.39;64352658296.01;70541602044.81;79107960535.34;70249945149.38;75657711042.09;80626734608.84;86341444757.55;10271893065.58;75563291073.75
Місцеві бюджети;Дніпропетровська обл.;0100 Загальнодержавні функції;19143204495.32;19425187947.79;14132763189.51;14651646554.37;8111919567.34;8494940478.34;9685752577.32;9971826574.46;7567411921.3;12162320440.69;12985170734.4;14164553592.4;11295575552.03;12205587530.68;16233145051.86;16955535456.68;2519005582.63;17046718981.74
Місцеві бюджети;Дніпропетровська обл.;0300 Громадський порядок, безпека та судова влада;139616967.69;144596252.29;157796006.98;161307993.8;162746773.29;173349416.05;183952733.62;191156258.78;1686968624.91;1893969701.96;2504928708.59;2637211165.32;1734860454.36;1963819276.96;1225708431.07;1309305842.11;152419227.04;1032852779
Місцеві бюджети;Дніпропетровська обл.;0400 Економічна діяльність;8928982719.49;10540913635.21;9009934957.3;10705645417.99;10377853397.12;12445559698.86;16244328760.31;19333409481.93;10448747639.23;15683053879.29;15215489490.82;22180540232.71;12602865968.88;15101684170.13;12590578010.43;14361424022.77;836286594.07;7060675654.58
Місцеві бюджети;Дніпропетровська обл.;0500 Охорона навколишнього природного середовища;450802373.26;661926415.03;465409317.8;696183714.2;449887798.34;566431409.46;441569228.64;562965833.87;69716962.02;283718346.63;222834283.68;306209564.72;78189462.39;193356198.71;291242866.36;512001521.28;372339.46;319546885.25
Місцеві бюджети;Дніпропетровська обл.;0600 Житлово-комунальне господарство;3789873290.61;3957726574.55;4491915753.63;4578620868.99;3753261734.53;3957470301.89;5129600054.67;5518621256.76;4436408850.99;4776962716.8;9306259816.81;8486693823.5;9233802756.62;9366515514.71;10885886646.32;11900447431.38;989606873.36;10520796695.85
Місцеві бюджети;Дніпропетровська обл.;0700 Охорона здоров'я;8131574219.4;8319645806.52;7757255511.18;7971955055.36;4699537114.49;5026254182.94;3304534469.41;3628322787.48;3214390665.11;3546619934.74;3712100993.75;3866427327.18;3715227648.08;3934054035.87;4593489838.37;4930006742.18;429696544.22;4231859586
Місцеві бюджети;Дніпропетровська обл.;0800 Духовний та фізичний розвиток;1367067289.8;1411813720.72;1595876869.14;1623817120.16;1618502260.96;1878439450.84;2389287642.61;2369960731.8;1812791477.56;2066450837.96;2081158953.57;2208795321.55;2406233421.53;2513362385.58;2585283635.38;2670406331.16;371732530.95;2854779441.27
Місцеві бюджети;Дніпропетровська обл.;0900 Освіта;13938950273.24;14310509115.26;15319102056.23;15845861228.53;15799696031.04;17057863979.27;20157106193.79;20506385942.81;18978351586.26;20802468187.57;20091949461.67;20805084340.04;23749482030.83;24850490747.74;27222331741.81;28573757149.42;4281136852.32;27099212880.69
Місцеві бюджети;Дніпропетровська обл.;1000 Соціальний захист та соціальне забезпечення;10847839239.46;10870483739.48;7479557637.43;7775542850.36;2012411952.91;2095656840.93;2438649207.39;2454064851.5;2848596740.01;3137094250.37;4421709601.52;4452445167.92;5282075549.99;5333916411.71;4999068387.24;5128560260.57;691432821.53;4895998407.23
Місцеві бюджети;Дніпропетровська обл.;-9 не існує;;;;;;;;;;;;;151632304.67;194924770;;;203700;500849762.14
Місцеві бюджети;Донецька обл.;;35929479883.84;41011676248.18;32795265142.85;38640972544.52;27157845860.96;30429751757.86;33374312632.53;35878307836;15358103235.2;29459597841.48;18632109252.19;24262997161.09;22690106415.6;27020652593.27;21944291718.15;24836315065.45;2251015572.35;15582145567.59
Місцеві бюджети;Донецька обл.;0100 Загальнодержавні функції;9819068382.16;10090227124.69;7792557289.72;8594662405.93;5056319731.03;5578901061.47;5769852421.22;6093252084.88;2738430930.49;4813798051.7;5018038442.85;6298929262.93;7914779137.66;8440787514.01;9419823060.69;10704290507.42;983366909.9;4264773555
Місцеві бюджети;Донецька обл.;0300 Громадський порядок, безпека та судова влада;98822489.89;101277576.31;69349720.05;66462940.48;102262311.52;97217685.83;96781051.04;93228745.51;836826622.32;1203745815.95;1067703806.15;1146183411.82;2774738917.05;2910021441.78;2162115153.46;2277387083.33;91655290.57;704212345.56
Місцеві бюджети;Донецька обл.;0400 Економічна діяльність;3641842883.72;5628594633.04;3258334697.51;5501628873.69;6662649720.52;8257747540.86;6880998689.98;8191545548.7;1082064600.38;4735499040.45;2470031417.03;4736320594.46;1427086312.36;3867827853.9;1459169730.67;2141410299.11;70954903.92;1846686984.23
Місцеві бюджети;Донецька обл.;0500 Охорона навколишнього природного середовища;767496624.65;1466086372.69;693483208.2;1212760512.69;598724115.23;1077724924.1;604827147.79;1052462820.46;63848219.63;589244567.41;91761907.08;162259711.66;54278807.9;158626154.16;96546965.85;180345839.24;3406240.09;36470500
Місцеві бюджети;Донецька обл.;0600 Житлово-комунальне господарство;1882496387.43;2332472271.39;2403251655.93;2808947751.62;1745219296.67;1774190241.74;5428207496.56;5653340370.65;1793824533.39;3646293820.42;3056773469.94;3602514724.45;2770807383.72;2997848215.68;2139316910.05;2483244548.73;232528417.24;1693560651
Місцеві бюджети;Донецька обл.;0700 Охорона здоров'я;4786480245.33;5298353461.88;4635054336.72;5060771028.8;2652329442.89;2834307510.46;1531015844.24;1458547960.75;595273803.98;1258843413.19;629352290.68;771771245.33;674671282.41;841093150.27;624661454.33;748491072.13;74396220.67;695092427.25
Місцеві бюджети;Донецька обл.;0800 Духовний та фізичний розвиток;870093193.94;1068057499.94;1085874500.71;1303120653.31;1084461822.59;1154562223.99;1453465709.5;1559900174.01;698338260.4;1231210594.42;568004963.14;692173353.78;691794373.24;786679099.37;618620173.13;651440859.29;89817699.58;665577764.08
Місцеві бюджети;Донецька обл.;0900 Освіта;7407978298.95;8170129344.47;8193605434.17;8864046697.09;8100977083.91;8462682696.45;10230375580.61;10394565091.1;6628043802.41;10183512480.13;4377463340.5;5081182370.33;4566431305.61;4933333365.2;4062186173.48;4172722446.83;619275702.81;3761783553.8
Місцеві бюджети;Донецька обл.;1000 Соціальний захист та соціальне забезпечення;6655201377.77;6856477963.77;4663754299.84;5228571680.91;1154902336.6;1192417872.96;1378788691.59;1381465039.94;921452462.2;1797450057.81;1352979614.82;1771662486.33;1815518895.65;2084435798.9;1361852096.49;1476982409.37;85614187.57;1913987786.67
Місцеві бюджети;Житомирська обл.;;24006455660.74;24875711390.16;21570445418.28;22997976214.15;15075183890.49;15926857480.39;16317128061.13;17220961540.38;14829662858.77;18941654911.99;22663903000.16;26449156504.37;21460843305.89;24184651191.34;23716258247.6;26102344554.7;3062758057.19;22538307842.85
Місцеві бюджети;Житомирська обл.;0100 Загальнодержавні функції;7390499782.46;7673531638.14;5646246667.48;6177803613.37;2609092063.72;2890441400.54;2343172377.67;2525624832.63;2007892030.27;2949482928.89;4418745013.67;5527373288.92;3633909794.25;4204444801.41;4569894781.36;5152707270.71;600255468.31;4530163451.11
Місцеві бюджети;Житомирська обл.;0300 Громадський порядок, безпека та судова влада;20837596.2;21123540.89;29009081.24;29869131.37;36594599.09;36807324.31;39948612.24;35618635.12;280729356.54;493035841.34;904405002.09;1272744063.09;632420169.63;751060459.02;411422289.33;485604056.66;24122512.59;373498809
Місцеві бюджети;Житомирська обл.;0400 Економічна діяльність;1738991179.64;2108932974.26;1889977886.98;2346257329.86;2545935661.01;2784031190.59;2451553411.46;3001544752.09;1509466929.14;3237402828.95;3404428221.41;5271426423.98;2050402501.99;3686783569.97;1780221400.44;2419242642.89;96925945.41;1652357864.6
Місцеві бюджети;Житомирська обл.;0500 Охорона навколишнього природного середовища;20557257.67;34278849.36;37890579.73;62517308.13;23995659.83;34910942.78;21896230.62;26387561.83;12872227.4;17138763;9096881.82;15376463.25;8431080.79;12833372.83;20955193.92;26453082.19;216137.37;13625365
Місцеві бюджети;Житомирська обл.;0600 Житлово-комунальне господарство;573453421.01;624435311.76;726587052.99;758067031.26;621847468.17;647287249.48;807100396.09;845701972.25;640917166.62;1024601960.46;1117179894.77;1280177272.83;1214979659.81;1291412606.74;1314388653.73;1416362743.43;182920608.14;1303277106.27
Місцеві бюджети;Житомирська обл.;0700 Охорона здоров'я;2733650262.5;2661402905.69;2530998157.59;2517291812.72;1221727990.04;1264472293.08;626944734.79;647850422.02;709621221.14;761234344.12;970936454.52;1060896609.69;862794774.48;944763395.83;1064293205.09;1571758219.41;111944552.09;867952650.22
Місцеві бюджети;Житомирська обл.;0800 Духовний та фізичний розвиток;542265716.11;557493271.89;637335641.48;654841926.73;613943167.7;636883776.64;727056142.99;724053665.82;640739362.92;734115867.75;827812459.17;867211393.91;941438537.83;853067736.35;898428973.01;954888539.92;127589412.53;984977934
Місцеві бюджети;Житомирська обл.;0900 Освіта;5594148113.91;5688588203.95;6360126997.7;6410248983.74;6707749882.61;6928676161.5;8473954219.45;8584794061.29;8135377334.29;8726631868.11;9573839430.51;9707212128.91;10389199804.84;10727866796.56;11553548370.09;11920483697.24;1733180478.16;11329068364.98
Місцеві бюджети;Житомирська обл.;1000 Соціальний захист та соціальне забезпечення;5392052331.24;5505924694.22;3712273353.09;4041079076.97;694297398.32;703347141.47;825501935.82;829385637.33;892047230.45;998010509.37;1437459642.2;1446738859.79;1727266982.27;1712418452.63;2103105380.63;2154844302.25;185602942.59;1459566922.67
Місцеві бюджети;Житомирська обл.;-9 не існує;;;;;;;;;;;;;;;;;0;23819375
Місцеві бюджети;Закарпатська обл.;;21654598820.99;22737589469.02;21392710562.47;22295419352.91;14406335143.4;15514730026.51;14988247321.55;16202649516.9;15454260143.38;17241797939.28;19875450791.66;20986925514.67;19323577507.8;20209102568.21;22212828746.84;23043644299.7;3088571776.06;21605679951.08
Місцеві бюджети;Закарпатська обл.;0100 Загальнодержавні функції;6672183784.25;7042330360.66;6222736370.58;6446614977.42;2785511539.94;2940300898.27;2357047999.33;2281188650.17;2813492613.33;3145878107.3;4371018217.8;4574513453.72;3849425873.71;3677855785.68;4159871208.21;4434213513.07;586029662.74;3558133455.98
Місцеві бюджети;Закарпатська обл.;0300 Громадський порядок, безпека та судова влада;30066205.7;31139252.75;46471383.6;31647692.6;51052841.72;37873542.24;30336275.37;33234165;304941215.68;318031247.28;260045483.36;274354928.71;178147485.26;205238203.34;194927677.66;227702348;17157521.18;164155861
Місцеві бюджети;Закарпатська обл.;0400 Економічна діяльність;1387471341.97;1797416125.09;1446169103.57;1775610074.17;1518734251.06;2069206388.41;1860046356.15;2612165956.45;985078005.38;1642959924.11;2330821623.47;2740494162.75;1179153379.95;1551928203.94;1281250494.88;1585929658.57;32743634.89;994361661.21
Місцеві бюджети;Закарпатська обл.;0500 Охорона навколишнього природного середовища;18769863.68;25548791.55;35905947.52;45379460.78;14595263.2;21446251.84;8068030.89;17589580.5;8950926.46;18596619.95;9418935.91;17583083.11;17670197.48;23874910;21367926.43;39206535.48;700626.63;20960094.2
Місцеві бюджети;Закарпатська обл.;0600 Житлово-комунальне господарство;460632105.29;492503209.69;520472979.52;551992506.55;488777151.43;534094430.3;530711515.7;621884859.32;640685774.62;754915260.79;877774672.22;940857244.45;804870581.91;867210072.69;1044744958.07;1137400730.55;121007531.02;1213565357
Місцеві бюджети;Закарпатська обл.;0700 Охорона здоров'я;2502674502.99;2474805622.11;2490061597.75;2333850747.41;1144870210.59;1186924447.21;524076919.28;565225831.63;561587911.46;640071328.2;790856896.71;858747190.12;657721000.02;709611577.68;980840962.17;870908933.13;87815749.23;904776209
Місцеві бюджети;Закарпатська обл.;0800 Духовний та фізичний розвиток;449617248.68;461708480.3;513437562.35;532492863.5;497676874.84;519795132.89;594797662.36;553076387.72;502121414.37;551397120.19;679635288.58;710780907.11;762483582.73;788099575.09;900377044.78;926699808.82;113420694.93;995859606
Місцеві бюджети;Закарпатська обл.;0900 Освіта;5785777206.62;5998865982.32;6648512620.83;6875209363.84;7438560427.21;7736137402.67;8605380067.85;9031732788.62;8847876105.59;9317147571.07;9493985297.33;9770998907.46;10742490771.13;11232280071.42;12314936021.48;12463436827.61;1970946037.4;12204892915.33
Місцеві бюджети;Закарпатська обл.;1000 Соціальний захист та соціальне забезпечення;4347406561.81;4413271644.55;3468942996.75;3702621666.64;466556583.41;468951532.68;477782494.62;486551297.49;789526176.49;852800760.39;1061894376.28;1098595637.24;1131614635.61;1153004168.37;1314512453.16;1358145944.47;156390722.04;1200436935.36
Місцеві бюджети;Закарпатська обл.;-9 не існує;;;;;;;;;;;;;;;;;2359596;348537856
Місцеві бюджети;Запорiзька обл.;;32240225518.21;33670293268.47;29699534974.69;31558115010.95;22270904299.2;23802311396.79;25019726330.3;26177021513.24;18722208913.38;27156681129.99;19720229915.08;25170294397.75;25243219700.69;29311779841.67;30923925434.72;33554999920.27;4212433706.71;23850157908
Місцеві бюджети;Запорiзька обл.;0100 Загальнодержавні функції;8316590149.65;8595669279.22;6744305718.59;7236519795.73;3946370010.93;4175189751.84;4183958509.05;4280243020.44;2542359617.39;4518602735.27;3123722806.65;5347030223.62;5706903227.23;6827128175.3;7726397159.89;8244240375.41;720574099.48;5379155389
Місцеві бюджети;Запорiзька обл.;0300 Громадський порядок, безпека та судова влада;34782003.08;34771534;38601311.67;38598938;40071836.98;41018243;44156490.66;44162557;361635332.13;434956784;326772936.38;559218523;2379511385.58;3077730393;2916613678.42;3913290100.06;861843452.67;2373662488
Місцеві бюджети;Запорiзька обл.;0400 Економічна діяльність;2817178183.37;3352532681;2930448613.12;3340644779.03;3353358712.48;3798070745.91;3680436400.48;4268675526.79;1671921283.06;3879234452.87;2825980479.69;4293975124;2641652241;3925052650;2417944638.84;2706819663.5;245068781.11;1885744668
Місцеві бюджети;Запорiзька обл.;0500 Охорона навколишнього природного середовища;430067271.96;606817572;340928109.88;420980364.73;168286884.23;276737556;164886320.06;200356756.89;16046013.23;191130048;36857965.32;67694394;29436830.75;34966978;37450744.03;39637182;0;63060676
Місцеві бюджети;Запорiзька обл.;0600 Житлово-комунальне господарство;1907600892.69;1978325037.73;2077295833.19;2149336177.79;1891410141.28;1938194487.42;2131189184.98;2213803729.99;1911015784.82;2723508391;2435639266.79;2652749255;2160377275.35;2202898544.59;3175128965.13;3639618522.08;440407436.38;2258778801
Місцеві бюджети;Запорiзька обл.;0700 Охорона здоров'я;4862993729.23;4832827688.38;4536935999.6;4616247335.24;2334959595.46;2452184453.96;1806607160.68;1864921915;1289537397.64;1627889235.73;1105278719.57;1265441731;1105393504.72;1172716984;1446237226.05;1618476420;121272819.19;912135238
Місцеві бюджети;Запорiзька обл.;0800 Духовний та фізичний розвиток;787598556.03;792585156;900103490.99;928891569.43;945833178.29;960878370.44;1129067496.59;1155271679;862295968.86;1156234344;777464788.66;913929259;899392724.55;953478246;1005980032.15;1029392739.79;138499144.19;995646952
Місцеві бюджети;Запорiзька обл.;0900 Освіта;7350378993.03;7554503397.14;8229595916.19;8550638420;8724629955.46;9255483809.22;10841639817.76;11105439589.13;9146847339.15;11353236074.12;8033743337.65;8838783925.13;9055661911.35;9734566796.37;10644083590.71;10865134286.67;1478558128.02;8568516313
Місцеві бюджети;Запорiзька обл.;1000 Соціальний захист та соціальне забезпечення;5733035739.17;5922260923;3901319981.46;4276257631;865983984.09;904553979;1037784950.04;1044146739;920550177.1;1271889065;1054769614.37;1231471963;1264890600.16;1383241074.41;1545958101.09;1489383290.76;206209845.67;1366291822
Місцеві бюджети;Запорiзька обл.;-9 не існує;;;;;;;;;;;;;;;8131298.41;9007340;0;47165561
Місцеві бюджети;Івано-Франкiвська обл.;;25997267736.71;27573545031.42;23975392662.18;26222017344.46;15212367614.62;16858213728.79;16777337122.26;18339892489.13;16696195402.23;18540744925.89;20731764788.43;21808244760.16;20605425608.33;21867324395.05;23812618045.24;24943618656.53;3684471502.5;23939441360.7
Місцеві бюджети;Івано-Франкiвська обл.;0100 Загальнодержавні функції;8201591519.06;8606499575.01;6699510254.19;7307748435.08;2811212094.66;3077030477.29;2615827167.73;2947671984.6;2411021258.94;2806605258.86;3552987751.5;3599199831.09;3206812633.18;3215196387.69;4047314326.03;4139270034.61;537891588.12;3779041683.01
Місцеві бюджети;Івано-Франкiвська обл.;0300 Громадський порядок, безпека та судова влада;51344033.25;54696714.98;64393637.96;67453357.32;74626656.69;78632653.66;95755586.26;102045147.33;257835382.5;303200330.41;403169492.43;440732745.52;491831828.7;523364108.77;468735697.72;515197753.89;55701231.72;557010520
Місцеві бюджети;Івано-Франкiвська обл.;0400 Економічна діяльність;1467808505.55;2086327580.5;1943298925.73;2493584388.27;1534504900.06;1950034563.87;1896909124.28;2231389954.22;1191028193.87;1842644260.99;2145777378.41;2348323031.87;1072129739.71;1189813088.65;1086150637.23;1239237599.21;68608182.29;1186093231.91
Місцеві бюджети;Івано-Франкiвська обл.;0500 Охорона навколишнього природного середовища;218326109.03;256913683.08;281271880.07;339990959.82;147224760.71;242498623.14;131356717.59;171291104.42;26521515.05;66829622.95;79901922.99;99781340.26;12330493.65;65959645.09;29354299.09;35952208.31;35004;193073301.02
Місцеві бюджети;Івано-Франкiвська обл.;0600 Житлово-комунальне господарство;700039379.6;773871151.74;779056482.27;953300006.06;774311182.83;909924149.19;1038053693.03;1274598738.81;974653656.79;1109219383.92;1671735476.07;1856098799.44;1284307920.2;1376567889.59;1681528454.63;1826600581.39;191093038.93;1815745232.34
Місцеві бюджети;Івано-Франкiвська обл.;0700 Охорона здоров'я;2934751543.96;2908021121.08;2803652848.07;2839827168.48;1353926948;1400784224.34;712948024.17;751865041.73;846166321.51;878310632.05;855422131.22;910572397.57;767068304.49;943702861.36;891774559.17;1142295919.43;119073605.23;1133938766
Місцеві бюджети;Івано-Франкiвська обл.;0800 Духовний та фізичний розвиток;641794309.05;705775038.64;824318967.31;935664722.85;852014643.21;1012986544.94;1077288417.2;1119944628.5;878656656.38;955792424.95;1063823409.39;1109938579.97;1101920655.81;1156675076.51;1240890758.81;1259314212.97;178820882.49;1262383269
Місцеві бюджети;Івано-Франкiвська обл.;0900 Освіта;5774948771.24;5962982877.88;6525263979.13;6832038077.33;7141255611.94;7642739331.63;8616425466.1;9141108250.1;9241574866.81;9713570154.42;9570627173.37;10024449976.29;10817035613.45;11488623367.96;12522745428.53;12772955521.14;2233950087.45;11813067835.11
Місцеві бюджети;Івано-Франкiвська обл.;1000 Соціальний захист та соціальне забезпечення;6006663565.97;6218457288.51;4054625687.45;4452410229.25;523290816.52;543583160.73;592772925.9;599977639.42;868737550.38;864572857.34;1388320053.05;1419148058.15;1851988419.14;1907421969.43;1844123884.03;2012794825.58;256034033.87;1890186179.31
Місцеві бюджети;Івано-Франкiвська обл.;-9 не існує;;;;;;;;;;;;;;;;;43263848.4;308901343
Місцеві бюджети;Київська обл.;;38223544553.16;40447205175.5;36194022067.64;38675424128.11;28575390124.11;31326276027.73;32308141030.27;35454748734.9;28234851312.86;37044008046.86;42372012520.34;50790470635.15;45638304517.92;52971056179.75;53378935378.98;60299103601.07;6728422153.64;50927865595.13
Місцеві бюджети;Київська обл.;0100 Загальнодержавні функції;10971968199.44;11388036290.82;9567530223.69;10096826488.91;5912924628.94;6408312613.54;6506701330.65;7032677773.46;4556182204.5;7061497583.67;9289888845.34;10177045189.03;8509159305.75;9539799943.72;12010438281.97;13250555946.5;1692692207.79;11608535868.32
Місцеві бюджети;Київська обл.;0300 Громадський порядок, безпека та судова влада;97544102.92;108844501.07;125335339.6;135015615.82;217712368.19;241796047.24;176688414.25;197499005.22;1826620234.71;2325866877.86;2369783184.85;2794813165.89;2028841283.06;2621801615.14;1746261174.86;2023810357.48;148435744.53;1319202662.03
Місцеві бюджети;Київська обл.;0400 Економічна діяльність;4488598670.37;5624445146.29;4361649250.29;5387534018;5020751500.39;6007967911.95;4986295729.31;6673290214.11;2362461286.88;5235776651.71;5728366699.87;11418904865.01;4885138837.67;9141658850.82;4242385590.01;6900280313.45;80640390.21;2451869259.67
Місцеві бюджети;Київська обл.;0500 Охорона навколишнього природного середовища;119042139.42;235731930.03;198034052.49;315933716.79;158703463.22;221721591.25;81666613.23;133566207.73;41131165.05;129779380.77;66962767.14;93378641.08;66572575.36;111122401.34;84787245.13;117046141.12;4627802.24;111227272
Місцеві бюджети;Київська обл.;0600 Житлово-комунальне господарство;1680720070.53;1867227712.21;2041580348.54;2258227615.07;1882100030.86;2106236016.92;3204162411.54;3449598274.29;2618618475.22;3638838874.05;3542559904.69;4306519020.61;3914201243.75;4390806673.31;5012721815.05;6103364067.72;552209703.24;4523696740.47
Місцеві бюджети;Київська обл.;0700 Охорона здоров'я;4481996827.25;4498458161.81;4373909403.1;4460493139.07;2753496552.34;2960091617;1660543132.69;1743834825.24;1569536439.84;1721215817.63;2093622253.45;2268367184.64;2221676997.66;2468524781.57;2744464672.43;3040210895.41;273073584.58;2787249542.98
Місцеві бюджети;Київська обл.;0800 Духовний та фізичний розвиток;1060393666.15;1100957582.76;1103056283.17;1149607460.71;1068400163.99;1140045951.68;1341874868.24;1373336370.06;1139144950;1339006997.27;1476857100.54;1573260110.22;1780824028.78;1886519720.27;2062881973.82;2142522847.06;273613465.17;2331634166.72
Місцеві бюджети;Київська обл.;0900 Освіта;8255000586.82;8498661779.38;9347209844.68;9652453068.63;10321831577.37;10958265205.86;12964125819.78;13414980097.73;12679592942.18;14097024732.13;15071720099.77;15557958253.62;18098991398.21;19034169231.84;21551719358.83;22695097550.43;3243995082.16;21862932181.07
Місцеві бюджети;Київська обл.;1000 Соціальний захист та соціальне забезпечення;7068280290.26;7124842071.13;5075717322.08;5219333005.11;1239469838.81;1281839072.29;1386082710.58;1435965967.06;1441563614.48;1495001131.77;2732189406.33;2551891018.05;4132898847.68;3776652961.74;3922955246.88;4025895461.9;459089031.52;3680468318.87
Місцеві бюджети;Київська обл.;-9 не існує;;;;;;;;;;;62258.36;48333187;;;320020;320020;45142.2;251049583
Місцеві бюджети;Кіровоградська обл.;;19170730953.79;19835873875.86;17204040543.93;18727266626.17;11967093933.76;12817478137.87;13442591166.93;14299665410.63;11793881922.32;14325005818.8;15607939120.36;17043570704.29;16109028054.03;17218398046.28;17812555854.95;18759686416.19;2677515409.42;17103293900.03
Місцеві бюджети;Кіровоградська обл.;0100 Загальнодержавні функції;6415641249.38;6525395828.13;4923278377.35;5449922106.2;2340979257.51;2522492080.89;2426346552.01;2561511770.25;1554307796.2;2208773894.43;2715411532.4;2989523326.56;2464002586.99;2645280128.15;3106097465.94;3400777068.05;439508269.96;2922767337.6
Місцеві бюджети;Кіровоградська обл.;0300 Громадський порядок, безпека та судова влада;24631161.03;26510668.92;28072605.82;29878962.35;36877932.62;40234454.46;35611876.63;37537591.51;112009272.53;133413004.86;137986847.52;164332194.76;102164449.04;153564847.44;93573115.77;112453648.21;13288233.7;139861687.41
Місцеві бюджети;Кіровоградська обл.;0400 Економічна діяльність;1027616334.57;1408302156.57;1307947661.96;1641802057.55;1647832609.6;1874610088.24;1510698002.7;1869656675.41;750231065.89;1726900821.47;1758897158.39;2594023097.44;947289411.89;1255894869.5;705011593.6;881982849.82;46133799.44;541438480
Місцеві бюджети;Кіровоградська обл.;0500 Охорона навколишнього природного середовища;49244585.58;78757266.39;83554562.89;117620617.36;36852567.4;64838191.88;67562889.64;83093139.49;16286609.75;44006557.55;42023435.4;51886691.41;31117119.28;33358565.62;40843547.46;44595215.83;1733974.88;41812084.29
Місцеві бюджети;Кіровоградська обл.;0600 Житлово-комунальне господарство;471217081.35;517549380.95;569171949.78;618134147.33;595836452.48;625848132.41;1041090911.46;1122634328.19;648553824.5;1038158840.27;1054804198.98;1095277376.43;1053081195.58;1111160630.39;1250898705.16;1342916022.18;141260588.01;1180396372.85
Місцеві бюджети;Кіровоградська обл.;0700 Охорона здоров'я;2379837693.62;2316174190.28;2201238080.17;2189635291.08;1126582605.49;1198078980.33;709387547.62;760882336.99;795999688.44;892152567.73;971426469.66;1032179265.31;971975010.16;1009403269.46;1054038116.34;1096829628.01;180320011.48;948573099
Місцеві бюджети;Кіровоградська обл.;0800 Духовний та фізичний розвиток;453745005.66;467116412.05;510282754.22;518441561.75;512385600.04;533377917.32;606679503.31;613141924.26;590877677.32;628680484.02;702216298.15;720417010.14;786651060.46;799805707.79;879901681.38;917864311.01;130096532.53;940065813
Місцеві бюджети;Кіровоградська обл.;0900 Освіта;4340203737.39;4449640357.92;4825145600.02;4993958481.58;5064928371.28;5343752688.76;6262607879.54;6464215235.81;6322759849.93;6746601416.46;6899249441.06;7155736049.37;8175824681.39;8646113122.92;9011913297.54;9302029866.54;1500511932.94;8763492749.55
Місцеві бюджети;Кіровоградська обл.;1000 Соціальний захист та соціальне забезпечення;4008594105.21;4046427614.65;2755348951.72;3167873400.97;604818537.34;614245603.58;782606004.02;786992408.72;1002856137.76;906318232.01;1325923738.8;1240195692.87;1576922539.24;1563816905.01;1670278331.76;1660237806.54;224662066.48;1606836276.33
Місцеві бюджети;Кіровоградська обл.;-9 не існує;;;;;;;;;;;;;;;;;0;18050000
Місцеві бюджети;Луганська обл.;;12238635948.77;12856426996.64;11626351546.07;12885281538.2;8911261500.57;9530218847.84;11356583925.91;11787495820.57;4075446874.7;9497130022.69;2795313639.23;7012071345.12;3517440426.86;5790744491;6060123138.18;9144871489;420088067.52;3728488848
Місцеві бюджети;Луганська обл.;0100 Загальнодержавні функції;3676737370.31;3752053419.71;2985496262.54;3348974031.65;1658059713.94;1875160088.66;2348476437.86;2384238459.65;783160610.39;2290776685.43;916452903.94;4095259665;1485086273.5;2510092180.14;4084023868.14;6696629010;177746605.07;1542807566
Місцеві бюджети;Луганська обл.;0300 Громадський порядок, безпека та судова влада;11179530.81;12754637.59;8146433.26;9556032.99;13819615.36;20054152.56;9148610.5;9718800;156916733.22;235169020;133157448.01;205223543;98102272.3;135912869;21578464.98;36629341;323884.66;15990617
Місцеві бюджети;Луганська обл.;0400 Економічна діяльність;658189434.32;1065261284.76;1085784210.06;1338336071.04;1651865343.54;1816474247.51;1951618888.44;2219539937.49;235170274.88;750300195.63;336955623.15;938973795.61;187659698.19;1056881682;214524928.45;454193486.97;1756590.72;518072207
Місцеві бюджети;Луганська обл.;0500 Охорона навколишнього природного середовища;41490932.22;72038747;136068836.58;272406314;139074632.14;172959382.54;45570227.44;81505373.82;198909.17;62565497;59808;66145;7827420.24;7876599.86;;;;
Місцеві бюджети;Луганська обл.;0600 Житлово-комунальне господарство;308561609.65;315351249.44;353950549.33;372331549.56;326995919.96;305581326.57;1182897551.19;1220265541.61;256701851.68;475406981.88;37142752.75;124518952;78939368.27;100140066;71161433.71;83285555;6613675.22;50170042
Місцеві бюджети;Луганська обл.;0700 Охорона здоров'я;1867750006.62;1875973259.82;1859462129.57;1935885641.22;1099072153.83;1149560754.19;774270261.13;785626606.14;269549690.64;649920636;195122130.55;259726830.39;401390566.27;442993677;390761242.11;422412114;47087704.44;306441659
Місцеві бюджети;Луганська обл.;0800 Духовний та фізичний розвиток;389074656.05;392884584.21;426470202.6;439684211.79;430055900.88;440304973.93;537289679.26;522654444.25;210972058.46;559084706;81811924.97;100792927;88072488.28;108424571;88829992.18;92725031;13389195.83;98524939
Місцеві бюджети;Луганська обл.;0900 Освіта;2734121874.03;2798318987.74;3015443068.1;3170074782.46;3183649514.72;3334869568.47;3975318738.65;4041899293.58;2028465065.71;4023509085.75;940020579.08;1106744282.12;919706958.13;1116279771;867027213.44;941337706.03;146120589.5;817397556
Місцеві бюджети;Луганська обл.;1000 Соціальний захист та соціальне забезпечення;2551530534.76;2571790826.37;1755529854.03;1998032903.49;408668706.2;415254353.41;531993531.44;522047364.03;134311680.55;450397215;154590468.78;180765205;250655381.68;312143075;322215995.17;417659245;27049822.08;379084262
Місцеві бюджети;Львiвська обл.;;47109328843.4;50557470485.37;42797835978.5;45101102719.07;32434421556.19;36029027465.65;35744363536.95;39364884110.16;35048425219.45;44398441830.41;50907129722.77;54744924097.67;47600683699.91;51851347227.52;58193938671.53;62279513560.94;7117746069.52;59205419063.17
Місцеві бюджети;Львiвська обл.;0100 Загальнодержавні функції;13517522108.66;13946612240.7;10572781183.74;11100046487.38;5909537704.67;6525240979.99;5790160523.28;6998365140.13;5224938741.14;7938272164.92;10304390357.61;11419457953.63;7301761327.8;8424719146.09;11403860820.26;12411313205.48;1549837772.85;11038517412.85
Місцеві бюджети;Львiвська обл.;0300 Громадський порядок, безпека та судова влада;38486421.25;39837978.27;44494159.08;47186167.67;92265874.25;93911726.39;66479142.52;67470876.08;317678942.9;359124037.47;431434815.53;465932624.71;558245914.54;612333138.85;508492584.25;551930070.85;55443536.21;1230153173
Місцеві бюджети;Львiвська обл.;0400 Економічна діяльність;5235647002.96;7351271756.2;5457518959.53;6196146482.53;7081411957.92;8929050429.48;6498975052.54;7832202431.01;3626789453.68;6920839920;8548104243.6;10075377830.55;5166842570.3;6845178736.99;4970692326.83;5813678080.49;195339692.7;4487226423.28
Місцеві бюджети;Львiвська обл.;0500 Охорона навколишнього природного середовища;94603773.42;140165124.01;179578056.76;214656732.53;61540286.62;94348652.15;90263891.53;109161531.23;15834500.11;82629697.4;122469414.57;150499005.55;83570078.54;101667213.78;80739416.08;114067364.16;702274.4;58240423
Місцеві бюджети;Львiвська обл.;0600 Житлово-комунальне господарство;1506240286.41;1598705437.37;1873478779.07;1935567411.82;1461435162.25;1561228926.43;2470316237.01;2947117036.62;2878180460.94;4204987400.94;4132631408.37;4360247534.95;4401857577.68;4501758569.86;5915106464.59;6954395543.84;646509484.13;6230212236.36
Місцеві бюджети;Львiвська обл.;0700 Охорона здоров'я;5660411204.7;5742121514.19;5302761284.3;5396297857.29;2803109470.49;2885155793.52;1731441818.7;1792551303.77;2047295083.71;2521846634.96;2675260939.03;2923495011.01;2463887096.35;2547644089.54;3194934148.76;3499066966.68;284743250.95;2780077689.13
Місцеві бюджети;Львiвська обл.;0800 Духовний та фізичний розвиток;1166442832.7;1186297704.1;1365729382.13;1377395459.69;1314856924.77;1395894654.98;1645519527.83;1675291126.59;1714236580.54;1896044195.17;2135570265.05;2213744033.88;2328668197.79;2398975101.2;2827551969.75;2922081396.89;339928866.97;3098373686.68
Місцеві бюджети;Львiвська обл.;0900 Освіта;10122840842.42;10491319625.85;11560865022.44;12034536515.91;12332371796.43;13101807256.57;15867926176.95;16313061767.13;17325835190.56;18379156888.42;19719547739.39;20189511146.71;21797701801.81;22784758890.82;25132649982.74;25685689494.11;3611435291.03;26039334227.53
Місцеві бюджети;Львiвська обл.;1000 Соціальний захист та соціальне забезпечення;9767134370.88;10061139104.68;6440629151.45;6799269604.25;1377892378.79;1442389046.14;1583281166.59;1629662897.6;1897636265.87;2095540891.13;2837720539.62;2946658956.68;3498149135.1;3634312340.39;4159910958.27;4327291438.44;433736328.28;3765295795
Місцеві бюджети;Львiвська обл.;-9 не існує;;;;;;;;;;;;;;;;;69572;477987996.34
Місцеві бюджети;м. Київ;;58124033707.81;57732316888;61120503234.57;62005915589;57948507057.85;62645768982;69447740746.75;76577430265;59595317416.16;73170879531.22;82972287175.79;98106930841;96210609645.13;108089208476.2;116206038051.11;125347179121;11024702753.19;123168846779
Місцеві бюджети;м. Київ;0100 Загальнодержавні функції;2382273919.69;2276409774;2634292548.68;2704934420;2786496985.36;2952141873;3517579879.85;3393700242;4667749513.9;6368973478.12;9592390207.96;9977876105;9448860605.64;10365841968.34;16267690457.55;16703785258.8;1500212439.9;8981744160
Місцеві бюджети;м. Київ;0300 Громадський порядок, безпека та судова влада;63509504.34;66278300;80335815.23;80529811;103703354;105966810;129805246.97;140581890;147265840.89;182874345;218836051.1;234883425;755900317.02;784899769;181066280.59;243378025;37912958.74;518689882
Місцеві бюджети;м. Київ;0400 Економічна діяльність;16338077794.53;17191638775;15761628214.25;16592755855;17370761089.34;19214314805;21443346495.61;27155746400;17528274098.97;21055864428.1;25601611343.37;35388305669;32332467314.1;39801589643;30118200178.81;33546551493;1528702911.15;23382380389
Місцеві бюджети;м. Київ;0500 Охорона навколишнього природного середовища;124908499.05;153938300;160355544.29;169776575;85668875.57;93445530;89278589.07;99512504;30049805.99;97460980;81930267.83;169295854;119052107.47;192629927;28007067.05;261495572;2695755.72;164060668
Місцеві бюджети;м. Київ;0600 Житлово-комунальне господарство;3649254551.48;3830699369;3790535738.53;4049836977;3806397293.19;4215604275;4653558881.89;5342239674;5057395352.29;7347513325;6666791839.71;7884893885;5314270353.84;5814344390.86;11093956315.24;12873419397;507617253.59;11469264574
Місцеві бюджети;м. Київ;0700 Охорона здоров'я;10248638301.63;9174541510;11231547047.24;10371604443;7916299552.8;8255854555;6670192459.75;6850168332;5492384354.83;6269958163;6950916169.94;7920107670;6815010011.73;7522604125;7110099430.07;7847015543;466075016.96;7668190298
Місцеві бюджети;м. Київ;0800 Духовний та фізичний розвиток;1628792678.01;1650089440;1951716964.34;1994235650;2355460463.74;2560397250;3153870234.18;2992352775;2359068114.01;2660707107;2955920708.72;3060998576;3285963268.72;3426646755;3940230665.43;4066086899;513400943.83;4431406175
Місцеві бюджети;м. Київ;0900 Освіта;14968892466.36;14404973106;17378883205.53;17445430078;19555555157.09;20923306509;25026831574.71;25539064177;20958012210.52;24893088510;23533341276.91;25509966385;27699093319.11;29160924247;36058016808.54;37773826724.2;5064571824.95;39306677584
Місцеві бюджети;м. Київ;1000 Соціальний захист та соціальне забезпечення;8719685992.72;8983748314;8131208156.48;8596811780;3968164286.76;4324737375;4763277384.72;5064064271;3355118124.76;4294439195;7370549310.25;7960603272;10439992347.5;11019727651;11408770847.83;12031620209;1403513648.35;12058480538
Місцеві бюджети;м. Київ;-9 не існує;;;;;;;;;;;;;;;;;0;15187952511
Місцеві бюджети;Миколаївська обл.;;19111296357.36;20006207856.72;18761143679.36;20292823352.96;13704909752.25;15042571730.94;15252121993.13;16583174074.1;13161633937.93;17651839077.16;19529630864.07;23452849944.61;20479952793.28;21959715080.28;22038137289.47;22596904219.45;2779610773.46;19215550096.2
Місцеві бюджети;Миколаївська обл.;0100 Загальнодержавні функції;5245464127.15;5537258837.71;4635357972.68;5288916917.87;2546606177.39;2777316582.59;2373543376.47;2550951299.45;1781136575.68;2901330609.73;3279316176.28;4185016313.69;3674603508.78;3750659050.75;3927876678.83;4083922768.02;453815840.77;3171133979.03
Місцеві бюджети;Миколаївська обл.;0300 Громадський порядок, безпека та судова влада;44132707.34;46450487.6;38915888.42;40602688.53;63723268.8;69601937.58;45801069.74;47057269.33;357713830.25;391367875.95;397052451;441336437.29;409785519.95;384858889.76;352904824.5;364495156;45012191.14;260844772
Місцеві бюджети;Миколаївська обл.;0400 Економічна діяльність;1327318281.33;1591724044.6;1602231428.17;1788736397.28;1754959702.26;2400236885.42;2156036976.64;2907618063.21;1749139033.16;2936968820.06;3441047190.23;5207791141.5;3148229836.05;4056602558.51;2325919123.76;2503994669.27;178063616.37;2294285662
Місцеві бюджети;Миколаївська обл.;0500 Охорона навколишнього природного середовища;16865896.47;43993415.58;41982779.15;67265037.84;22128144.56;39784379.51;45539937.42;54690928.79;10788300.94;39190244.6;19530156.95;28538554.73;33268947.34;34756227;36132709.78;43895840.69;2728590.47;40093074
Місцеві бюджети;Миколаївська обл.;0600 Житлово-комунальне господарство;783896914.52;882499457.4;831779497.36;852283210.81;884157359.19;929356165.93;1168932075.63;1317052797.06;865629077.67;1399104400.96;2139575921.48;2493758708.85;1623838608.23;1620926821.51;1735552927.28;1786894835.27;105790202.6;1320093467.47
Місцеві бюджети;Миколаївська обл.;0700 Охорона здоров'я;2394659131.63;2390026381.69;2356601234.42;2366470903.47;1164046291.05;1207941265.11;656446128.94;668414077.29;689219200.82;775135369.02;944844196.52;1086494633.55;975095710.8;1111986029.46;1109878392.17;1148008667.75;93884407.64;748992153.46
Місцеві бюджети;Миколаївська обл.;0800 Духовний та фізичний розвиток;613647195.23;620993352.53;691096532.16;696995899.91;702715288.94;723706280.45;840116787.64;843455828.34;638915235.3;891390890;906299971.55;978112280.86;957206463.14;969552224.4;1065982224.41;1078760736.84;148071936.44;1020259694
Місцеві бюджети;Миколаївська обл.;0900 Освіта;4985357206.23;5118531797.09;5629279439.84;5796588523.43;5924106805.74;6239300303.18;7242988920.52;7471584565.27;6319272233.82;7568427143.84;7232366591.74;7942932408.8;8350905009.95;8828642602.17;10042366225.26;10199515787.04;1556842805.13;9062315119.24
Місцеві бюджети;Миколаївська обл.;1000 Соціальний захист та соціальне забезпечення;3699954897.46;3774730082.52;2933898907.16;3394963773.82;642466714.32;655327931.17;722716720.13;722349245.36;749820450.29;748923723;1169598208.32;1086296007.34;1307019189.04;1201730676.72;1441524183.48;1367333772.57;195401182.9;1284933968
Місцеві бюджети;Миколаївська обл.;-9 не існує;;;;;;;;;;;0;2573458;;;0;20081986;0;12598207
Місцеві бюджети;Одеська обл.;;40524955663.7;43008573928.76;41392204193.96;44763925291.15;31533903380.75;34991657199.89;34392121301.11;37265845116.16;28098743905.78;35647544011.02;39475981953.51;46380864371.79;42441335845.73;47853065619.35;47554617073.53;52051244510.21;5904165923.98;46743084028.96
Місцеві бюджети;Одеська обл.;0100 Загальнодержавні функції;10037456546.68;10356122340.16;9960387031.06;10833443908.94;5906828133.34;6367660763.84;5210522960.63;5430059980.55;4095003593.03;6533728758.98;8057700031.9;8742518391.9;8346027567.31;9093634905.54;8962764714.02;9710763708.19;935743063.82;10762248704.03
Місцеві бюджети;Одеська обл.;0300 Громадський порядок, безпека та судова влада;101963309.92;113192787.17;111205075.61;116625238.73;156211242.08;171397231.39;175259785.23;191295211.84;847850992.92;1223987970.79;1182068040.34;1700504135.52;940648537.68;1152827704.16;967595414.78;1007300181.92;64742584.25;812475508.2
Місцеві бюджети;Одеська обл.;0400 Економічна діяльність;5398459212.13;6721264498.57;5372245548.15;6340860468.57;5407875383.62;6568482079.64;6397103952.73;7697692273.75;2303275375.64;4604904151.62;5557674678.39;8800278643.02;4819300497.63;6900972200.88;4443468967.38;5662670366.51;213897520.72;4966082631.99
Місцеві бюджети;Одеська обл.;0500 Охорона навколишнього природного середовища;95921265.14;132873220.67;65769541.17;77808588.32;50234350.78;70417060.31;43407057.65;70217616.99;10405482.4;41142127.65;67568137.26;126302369.19;51571474.6;72254208.09;31848691;101546269.75;984218.75;42796623.52
Місцеві бюджети;Одеська обл.;0600 Житлово-комунальне господарство;3287029874.69;3414140319.73;3265840147.19;3545330087.45;3238621530.52;3616802041.52;3953262017.05;4363735488.1;2746466037.38;3690958733.39;4065769372.55;4823385911.21;4057427828.74;4512923473.36;5319156691.59;5845513081.14;648665588.76;4211555524.22
Місцеві бюджети;Одеська обл.;0700 Охорона здоров'я;5147289384.23;5304277508.09;5210966546.4;5400703444.72;2918168975.72;3106571641.3;1563229294.69;1648367617.42;1487813607.51;1755291279.07;2103076162.91;2386334616.24;2282720775.24;2473708089.83;2958738555.1;3269455468.21;202916985.32;1914830934.58
Місцеві бюджети;Одеська обл.;0800 Духовний та фізичний розвиток;1041425682.69;1079881845;1191780238.11;1249699708.95;1203622656.42;1295209163.07;1426542076.09;1492387387.11;1429231056.17;1475843517.72;1560091726.41;1711965963.38;1694608895.26;1786511734.36;1855681305.54;1932422427.73;257783525.81;1952101633.42
Місцеві бюджети;Одеська обл.;0900 Освіта;9269290434.59;9672096564.07;10473265142.88;10971777184.24;11211636582.66;12288310727.29;13951138073.95;14664184080.43;13209176593.96;14430347152.79;14321609055.43;15450489090.37;16904931088.52;18459307377.94;19530771990.88;20992515367.81;3143698710.41;19190227845.59
Місцеві бюджети;Одеська обл.;1000 Соціальний захист та соціальне забезпечення;6146119953.63;6214724845.3;5740744923.39;6227676661.23;1440704525.61;1506806491.53;1671656083.09;1707905459.97;1969521166.77;1891340319.01;2560424748.32;2639085250.96;3344099180.75;3400925925.19;3484561783.24;3524986678.95;435733726.14;2846022488.41
Місцеві бюджети;Одеська обл.;-9 не існує;;;;;;;;;;;;;;;28960;4070960;0;44742135
Місцеві бюджети;Полтавська обл.;;31016052648.99;32336261749.61;26481118353.55;28562279961.81;20593346022.49;22424813864.01;23942986987.02;25781335013.53;23331604219.09;28481209942.04;28683672238.14;32223764454.01;28527131066.82;30948481446.14;30608321623.12;33077687740.35;4346567100.3;30755628976.82
Місцеві бюджети;Полтавська обл.;0100 Загальнодержавні функції;9855645160.69;10146591495.36;7004248825.94;7673346839.44;4206707077.63;4501858101.55;4266195171.65;4578668241.35;3918270142.7;5147768768.78;5748248006.66;6338773078.63;5062239906.97;5355382802.17;6168633944.11;6515180673.94;946927418.88;6079960275.89
Місцеві бюджети;Полтавська обл.;0300 Громадський порядок, безпека та судова влада;61356153.3;66323478.75;89909944.3;95266101.76;102516857.56;110770599.08;109733039.66;115871777.32;594380658.1;734651045.46;975196917.98;1092805121.18;603460873.51;706171765.2;478858540.02;534123541.58;60915869.19;333956401.05
Місцеві бюджети;Полтавська обл.;0400 Економічна діяльність;2577695095.25;3277940455.36;3279702739.13;3758520030.76;3529430448.93;4171262736;3903976306.27;4589397486.07;2619468404.18;4774967087.92;3572024939.34;5502111568.49;2381221492.93;3543780983.14;2009067729.38;2929393921.42;143675176.42;2269878994.43
Місцеві бюджети;Полтавська обл.;0500 Охорона навколишнього природного середовища;119495982.51;172349100.54;120495388.58;165979487.41;89451491.26;151932029.19;152063064.49;170448276.39;68656946.14;99669561.96;48596691.21;82779431.06;67525901.37;77521611.94;71325564.46;117763239.33;4491356.76;107626389.86
Місцеві бюджети;Полтавська обл.;0600 Житлово-комунальне господарство;1259229610.38;1375307683.69;1412207012.08;1530663156.22;1268516475.37;1471927229.31;2086294678.04;2607826748.82;1789806151.05;2376845407.93;2167299159.91;2453138200.18;2416298049.33;2580134445.76;2488201400.29;2867359215.08;326048308.62;3050387180.67
Місцеві бюджети;Полтавська обл.;0700 Охорона здоров'я;3700342937.06;3619053189.82;2604840412.14;2694285110.04;2108657653.65;2197679371.92;1856398852.74;1933671476.14;2462397854.23;2650481311.74;2588329841.1;2714578021.41;2434887418.35;2514114752.65;2218815729.14;2338443008.38;258413036.62;2022608802.17
Місцеві бюджети;Полтавська обл.;0800 Духовний та фізичний розвиток;876613932.13;901293166.2;1008093441.77;1024617943.74;1021908413.34;1073406714.83;1220033723.06;1226319663.01;1188032554.31;1266845604.31;1414399174.02;1483354374.2;1579701525.68;1619373876.09;1690730573.58;1701541257.02;245418232.99;1745990220.43
Місцеві бюджети;Полтавська обл.;0900 Освіта;6115704763.76;6226095768.36;7089053190.33;7325514959.18;7187326514.97;7653171465.43;9134096950.84;9315076751.63;9064618934.4;9783920593.45;9988481444.07;10412347803.47;11466436788.7;12030478997.63;12830186587.38;13307872348.31;1996495291.56;12570624232.32
Місцеві бюджети;Полтавська обл.;1000 Соціальний захист та соціальне забезпечення;6449969013.91;6551307411.53;3872567399.28;4294086333.26;1078831089.78;1092805616.7;1214195200.27;1244054592.8;1625972573.98;1646060560.49;2181096063.85;2143876855.39;2515359109.98;2521522211.56;2652501554.76;2766010535.29;364182409.26;2557793510
Місцеві бюджети;Полтавська обл.;-9 не існує;;;;;;;;;;;;;;;;;0;16802970
Місцеві бюджети;Рiвненська обл.;;22867968381.65;23683752761.1;20987807989.24;21812212019.02;13470378023.76;14391477671.16;15647035599.29;16745156223.89;14852862943.76;16935913361.17;19103882910.2;20118164804.12;19256530957.62;20105749548.74;22569924449.54;23252495130.52;3325496447.17;20072664797.16
Місцеві бюджети;Рiвненська обл.;0100 Загальнодержавні функції;6853579644.61;7110917767.44;5805857373.2;6065170951.26;2246147274.88;2473378642.62;2327887764.92;2541911837.54;1893210095.48;2425050171.28;3393820108.26;3705330217.87;2690528647.98;2901227097.98;3895832037.42;4078563833.28;541365351.11;3278005721.31
Місцеві бюджети;Рiвненська обл.;0300 Громадський порядок, безпека та судова влада;22939243.46;23986260.07;34314803.64;30448960.33;44502798.53;47775397.56;31989057.21;28489825.63;356200848.36;310208976.11;510858183.37;524784645.84;348453320.59;408252519.49;386311055.62;389795362.75;47935499.06;292281980
Місцеві бюджети;Рiвненська обл.;0400 Економічна діяльність;1546441283.46;1801426920.35;1446387290.82;1696796595.14;1522258499.57;1813496117.66;1744116480.45;2201536617.05;780058696.05;1539831975.5;1783505899.9;2116974626.02;1399092733.28;1471081431.19;819708218.62;974371410.98;46927327.42;709772116.23
Місцеві бюджети;Рiвненська обл.;0500 Охорона навколишнього природного середовища;17417386.29;23723392.48;33491780.02;40407937.69;16029387.14;29744878.73;23296480.63;44232625.47;2124487.88;25007212.32;23395461.76;46394168.79;18740131.69;25912121.04;25914383.16;53865197.43;1254;44343829.07
Місцеві бюджети;Рiвненська обл.;0600 Житлово-комунальне господарство;588450506.1;620888358.11;554480728.92;573398132.81;554460141.84;585228839.78;974688923.37;1155230059.23;900980058.74;1301642308.84;1090754472.78;1238160512.24;967220503.51;1005835028.37;1066154304.25;1109636867.22;131533423.89;1119378823.14
Місцеві бюджети;Рiвненська обл.;0700 Охорона здоров'я;2510131998.27;2542825811.45;2312720985.33;2330344207.66;1120438179.89;1141166167.96;648368129.39;654080090.98;718909724.09;757664076.77;833574440.4;866428978.35;791311948.48;857063772.27;1609923919.96;1706706522.22;132817897.47;781261294
Місцеві бюджети;Рiвненська обл.;0800 Духовний та фізичний розвиток;566082567.81;555554621.19;624014326.29;621340447.88;598809017.99;655912851.54;821077627.95;958991610.4;712222735.69;778251023.78;880835573.84;911798873.23;921748702.5;914653493.29;971873740.64;970424142.94;140188075.32;1005508211
Місцеві бюджети;Рiвненська обл.;0900 Освіта;5563744017.87;5703149309.27;6268767169.63;6437502032.37;6886769761.13;7155309066.45;8552816232.8;8630137247.21;8784371488.07;9080099073.53;9613798795.99;9662689773.46;10876351121.59;11267337174.94;12383390715.71;12544227148.33;2119758539.2;11574573099.25
Місцеві бюджети;Рiвненська обл.;1000 Соціальний захист та соціальне забезпечення;5199181733.78;5301280320.74;3907773531.39;4016802753.88;480962962.79;489465708.86;522794902.57;530546310.38;704784809.4;718158543.04;973339973.9;1045603008.32;1243083848;1254386910.17;1410816074.16;1424904645.37;164369079.7;1255104923.16
Місцеві бюджети;Рiвненська обл.;-9 не існує;;;;;;;;;;;;;;;;;600000;12434800
Місцеві бюджети;Сумська обл.;;21423587539.51;22321010895.38;18006013607.14;19396307108.26;12409049978.79;13403158121.8;14177674381.12;15267957234.7;12421127088.24;16378264799.57;16980740132.66;19521384717.71;16224923107.63;17319807039.27;18312078853.1;19555396926.96;2377188267.46;17537989062.25
Місцеві бюджети;Сумська обл.;0100 Загальнодержавні функції;6732931582.02;7007962958;4872537005.88;5362767254.88;2374534724.66;2608373825.77;2366087640.52;2537514000.25;1956219075.69;2798863796.33;3144768153.39;3493551415.97;2797676955.61;2888065856.08;3400345670.27;3576365862.76;476232242.57;3845203496.13
Місцеві бюджети;Сумська обл.;0300 Громадський порядок, безпека та судова влада;31043507.7;33576595.25;39110651.76;40982557.04;41067368.46;48102667.54;47818541.66;49461731.48;222812056.33;255623294.96;570935687.54;675540714.92;355615831.61;413295428.78;392259549.98;657021583.34;40362097.04;343121046.62
Місцеві бюджети;Сумська обл.;0400 Економічна діяльність;1434683439.78;1777904600.68;1491310773.24;1805566173.75;1574872502.8;1818207597.72;1848193330.78;2298489575.79;804323753.95;2233261197.6;1898445116.94;3556819780.74;1088582362.92;1764901433.14;892387901.35;1298771976.8;28689080.3;733930355.88
Місцеві бюджети;Сумська обл.;0500 Охорона навколишнього природного середовища;23305574.14;46442433.43;28220723.49;55533978.32;26423706.73;59740639.66;39641223.34;59874818.65;6295540.8;31684394.12;20036931.4;46478227.29;15321471.76;21035061.09;22758237.84;40070968.83;341751.9;22038659.42
Місцеві бюджети;Сумська обл.;0600 Житлово-комунальне господарство;694738863.98;741825439.19;731274893.08;797161025.63;748949730.65;808364724.31;1206371700.61;1295747061.71;819016833.8;1594978901.18;1187475175.89;1280455137.38;960923311.5;960297141.9;1450746080.7;1554024799.33;129116448.57;1330959141.14
Місцеві бюджети;Сумська обл.;0700 Охорона здоров'я;2582678256.29;2558920563.07;2361480214.52;2408876173.98;1197040529.98;1253439973.3;732650911.33;751641626.38;719964366.8;808631720.48;1021439377.08;1121635754.23;929418328;982187842.95;917354459;1072239664.35;112302811.25;991377190
Місцеві бюджети;Сумська обл.;0800 Духовний та фізичний розвиток;554746398.88;566683376.19;636176752.94;649261565.26;664512821.51;704878775.54;855851300.34;1014545570.35;737579595.83;829043573.06;906627361.87;953540621.7;908587560.52;936157574.27;974183843.43;993949033.92;131601665.69;1011552179
Місцеві бюджети;Сумська обл.;0900 Освіта;4334112795.69;4406409893.37;4843285903.68;4954653612.97;5125388106.68;5423386862.61;6307756602.53;6488790052.14;6092970230.35;6639750423.08;6701805806.54;6918203725.11;7522496458.74;7819915932.49;8441089871.55;8643987358.28;1249342681.34;7666993770.54
Місцеві бюджети;Сумська обл.;1000 Соціальний захист та соціальне забезпечення;5035347121.03;5181285036.2;3002616688.55;3321504766.43;656260487.32;678663055.35;773303130.01;771892797.95;1061945634.69;1186427498.76;1529206522.01;1450568063.37;1646300826.97;1533950768.57;1820953238.98;1718965679.35;209199488.8;1587083223.52
Місцеві бюджети;Сумська обл.;-9 не існує;;;;;;;;;;;0;24591277;;;;;0;5730000
Місцеві бюджети;Тернопільська обл.;;19361723789.58;19900273730.57;16920097942.5;18275508112.79;11035385557.4;11964248268.61;13392914828.38;14431581119.45;12106330943.58;13846665628.84;15038859561.5;16257640460.56;15196554731.22;16471505490.34;17472489439;18727502888.85;2586070159.14;17791760537.67
Місцеві бюджети;Тернопільська обл.;0100 Загальнодержавні функції;6152941200.69;6222134696.82;4449421261.67;4847481883.04;1881307818.43;1990178838.31;1657332450.94;1723220697.97;1536841262.45;1739438794.21;2393978123.07;2593179688.44;2196547034.51;2279131972.36;2841560729.67;3051105976.79;395598897.77;2729534619.83
Місцеві бюджети;Тернопільська обл.;0300 Громадський порядок, безпека та судова влада;19373348.39;20991621.03;22193270.62;23542584.34;23075106.88;25049196.59;22064844.67;23944616;183301801.06;198117022.06;148378120.3;200646511.69;182283279.9;206247161.16;217653532.83;238617724.28;11488555.41;159626896.09
Місцеві бюджети;Тернопільська обл.;0400 Економічна діяльність;867214793.83;1256719179.02;1314374802.56;1910097507.46;1151294782.84;1734772671.29;2164146708.19;2827707706.34;947771183.06;1916094184.12;1723352620.91;2569270178.36;943874528.18;1834477329.32;1286121281.32;2017173578.96;50972735.07;848985433.06
Місцеві бюджети;Тернопільська обл.;0500 Охорона навколишнього природного середовища;6572071.19;8471947.79;5923602.44;9177956.86;6529431.68;9820020.98;8156222.74;11632316.04;2007429.08;10432480.97;8184324.42;17932294;5370551.71;7874126.1;7475266.22;12599641.87;10443.6;11553693
Місцеві бюджети;Тернопільська обл.;0600 Житлово-комунальне господарство;500248967.38;519206005.68;587340836.22;604642238.6;591406519.49;635685912.93;1080148120.71;1218404646.51;885908010.11;1116406394.15;1041885812.52;1093267137.37;977083176.02;1020003426.04;1103198955.64;1166769582.89;156609765.79;1232939494.48
Місцеві бюджети;Тернопільська обл.;0700 Охорона здоров'я;2117549741.34;2079488702.09;2042960681.27;2052306803.87;1009458432.74;1026662853.13;596528366.67;537508797.51;595775338.19;605779873.31;727480904.3;714069667.57;720666977.63;741852190.81;699189051.82;768317796.28;98895550.92;701999126
Місцеві бюджети;Тернопільська обл.;0800 Духовний та фізичний розвиток;502093943.02;511266469.63;573732246.96;576601092.16;554266399.72;563239649.25;642457141.89;768219336.77;607342954.34;658628806.67;746726504.51;764933596.31;789087330.68;793380577.73;852052463.73;861608128.82;127316479.14;951050870
Місцеві бюджети;Тернопільська обл.;0900 Освіта;4559326955.88;4624213671.46;5048127222.23;5059241408.44;5338117801.24;5491137030.51;6689999911.87;6785720678.59;6655716643.13;6924427984.79;7330397673.63;7411190834.55;8269068903.59;8467528619.51;9151267037.58;9315542530.34;1569705847.59;9560837753.96
Місцеві бюджети;Тернопільська обл.;1000 Соціальний захист та соціальне забезпечення;4636402767.86;4657781437.05;2876024018.53;3192416638.02;479929264.38;487702095.62;532081060.7;535222323.72;691666322.16;677340088.56;918475477.84;893150552.27;1112572949;1121010087.31;1313971120.19;1295767928.62;175471883.85;1291459676.25
Місцеві бюджети;Тернопільська обл.;-9 не існує;;;;;;;;;;;;;;;;;0;303772975
Місцеві бюджети;Харківська обл.;;53329007193.02;55519464514;50381035952;52829972218;37398530229.25;39089856085.44;45538003473.06;48040294799;29455332296.67;42202185003.82;40251022384.41;47804313887.75;43846528551.03;51137966967.76;52211599466.28;59022326404;6242755032.01;43135209742
Місцеві бюджети;Харківська обл.;0100 Загальнодержавні функції;19421496029.2;20049595321;15986004862.93;16965636250;9598408606.2;10141977538.11;5136236396.43;5440545038;3174196261.04;4795386284;5469863604.69;6606869319.75;6695409552.9;7934955009;9390762091.84;10746629451;1093195855.97;8093265515
Місцеві бюджети;Харківська обл.;0300 Громадський порядок, безпека та судова влада;25875255.44;28287893;21792150.13;22385864;54937256.33;55788768;32809074.47;33841748;789756594.94;805932905;1112394037.62;1143517666;1465274784;1455800560;1211038144.67;1245792241;87498065.43;879789632
Місцеві бюджети;Харківська обл.;0400 Економічна діяльність;5257560639.47;6080290247;6656292465.03;7015152642;6632716620.85;6999116310.11;8541707859.92;8952476527;3690360631.02;6189430588.82;8657054512.06;13717297835;9069211823.08;13539105115.76;8608694465.19;11738824711;876223801.45;6336619172
Місцеві бюджети;Харківська обл.;0500 Охорона навколишнього природного середовища;100147763.35;123484341;98673999.62;145229834;119309446.09;165051095;112441525.95;133923299;11794405.96;64604804;44014423.86;73062600;40236412.23;91769404;131192615.35;144536952;600379.99;51780091
Місцеві бюджети;Харківська обл.;0600 Житлово-комунальне господарство;2606031397.91;2684363385;3217289488.2;3265123315;3362479968.91;3356065823;12188637929.46;13303743088;5375128241.78;10854605294;8078424180.99;8352125575.25;7342440498.56;7747947650;10112843395.33;10972649917;883096525.22;6712255384
Місцеві бюджети;Харківська обл.;0700 Охорона здоров'я;5748195864.8;6044066469;5570125592.66;5726335506;3128523260.96;3198157890.22;1816815312.87;1867624543;1587975322.8;1973281976;1874796370.02;2018313906;2126192930.11;2340395377;2445293809.18;2653959475;249873189.61;1993785274
Місцеві бюджети;Харківська обл.;0800 Духовний та фізичний розвиток;1618210527.06;1648335234;1606846858.44;1627990018;1606656349.49;1625920791;1868520544.94;1889711147;1345207830.79;1729116711;1539747678.2;1668233100;1699949845.24;1768855389;2004497272.22;2138039414;281530558.79;2247596760
Місцеві бюджети;Харківська обл.;0900 Освіта;9284125463.34;9599131555;10762453023.98;11177290162;11314065406.63;11948267907;14016713885.7;14586097893;11994861317.6;14070526863;11370635129.88;12223324623;12624612145.93;13525984256;15382645208.9;16409989687;2378145826.5;14087502948
Місцеві бюджети;Харківська обл.;1000 Соціальний захист та соціальне забезпечення;9267364252.45;9261910069;6461557511.01;6884828627;1581433313.79;1599509963;1824120943.32;1832331516;1486051690.74;1719299578;2104092447.09;2001569262.75;2783200558.98;2733154207;2924528163.6;2971800256;392590829.05;2669509266
Місцеві бюджети;Харківська обл.;-9 не існує;;;;;;;;;;;;;;;104300;104300;0;63105700
Місцеві бюджети;Херсонська обл.;;18202844355.96;19060854967.66;16562172459.49;17943787757.92;12181896233.73;13055185341.31;13864209441.92;14736941775.97;6945839870.44;12541125881.96;8824741509.81;11888548844;9420575185.77;11736944827.81;11518878682.71;15030105388.8;1164873837.7;8202496977.45
Місцеві бюджети;Херсонська обл.;0100 Загальнодержавні функції;5630250758.64;5834253319.78;4319293537.66;4796198798.08;2195003228.87;2280794201.6;2001276741.39;2202774687.83;851671925.32;1569097438.41;1819067109.99;2493233339.42;2148050394.59;2772438435.11;4692130790.48;6218760848.84;359053880.92;2753033612.93
Місцеві бюджети;Херсонська обл.;0300 Громадський порядок, безпека та судова влада;27891736.48;31109596.11;24848503.46;28333841.31;101209087.89;104990621.01;46227264.77;49011009.25;32179823.7;329883621.49;1001135578.74;1226215360.8;851881622.44;1046631252.87;765213651.58;1930604959;24800242.37;715645991.25
Місцеві бюджети;Херсонська обл.;0400 Економічна діяльність;998103690.75;1312697432.61;1056485229.07;1392152134.7;1658208941.6;1846506802.37;2334766245.44;2663861021.74;237727200.21;1287029909.91;1038931715.37;1787206104.89;652303459.96;1567216645.12;468715055.26;685680558.94;15080882.78;218757550
Місцеві бюджети;Херсонська обл.;0500 Охорона навколишнього природного середовища;10988856.9;27418930.52;15678779.73;25554084.58;8342381.16;19429077.51;13680995.73;21162971.72;24500;3851774.71;489899.96;1247050;90000;1742000;2220161.8;2420920;5976006.6;285107
Місцеві бюджети;Херсонська обл.;0600 Житлово-комунальне господарство;456447688.97;482706576.01;520613680.48;541206553.4;507077701.39;538478064.77;821703531.58;918591896.97;105753616.8;445580955;598266790.86;893205137.16;1012174490.77;907789831.27;974403414.68;938667966.9;88330172.49;571207841.91
Місцеві бюджети;Херсонська обл.;0700 Охорона здоров'я;2267438019.37;2289133580.3;2111914504.44;2132680526.85;1064442490.29;1110515503.41;516084006.88;539123962.74;178954962.48;432749029.89;267817075.03;321212379.65;497013582.17;567916681.53;427439365.33;458901169.62;42340734.62;296186998.05
Місцеві бюджети;Херсонська обл.;0800 Духовний та фізичний розвиток;524508901.25;527341566.52;567112418.36;579436971.71;565024223.17;579718240.1;641485803.88;646701878.27;383909459.05;647003443.52;301121084.37;406476882.38;288519157.7;355301759.69;279621707.65;286711991.14;40246306.9;274937407.61
Місцеві бюджети;Херсонська обл.;0900 Освіта;4761590966.87;4928623128.19;5344499092.36;5499242334.67;5636393438.91;6116876206.96;6955514992;7166915142.94;4855503043.47;7210217248.83;3508727995.82;4302217374.15;3543088523.52;3997633710.2;3361688471.39;3929687590.33;524500040.44;2835943347.68
Місцеві бюджети;Херсонська обл.;1000 Соціальний захист та соціальне забезпечення;3525623736.73;3627570837.62;2601726713.93;2948982512.62;446194740.45;457876623.58;533469860.25;528799204.51;300115339.41;615712460.2;289184259.67;457535215.55;427453954.62;520274512.02;547446064.54;578669384.03;64545570.58;535027121.02
Місцеві бюджети;Херсонська обл.;-9 не існує;;;;;;;;;;;;;;;;;0;1472000
Місцеві бюджети;Хмельницька обл.;;24320354483.56;25135263616.89;21728227132.09;22772183899.57;14390376280.14;15239651634.15;17585181546.66;18359412114.44;15354766161.35;18145305560.02;21428728803.19;22727976110.18;20876858662.19;22264958206.25;23486514232.69;24847914694.3;3722899528.06;22739348021.87
Місцеві бюджети;Хмельницька обл.;0100 Загальнодержавні функції;7374090624.18;7502669620.89;5589082481.67;5997230395.57;2397544472.95;2584350978.46;2847074581.46;3100931423.07;1883750405.39;2636129491.99;3615518611.71;4038038775.5;3373022057.46;3709568196.85;4000116415.24;4478291497.13;630091319.17;3991493266.14
Місцеві бюджети;Хмельницька обл.;0300 Громадський порядок, безпека та судова влада;26017743.57;26883046.02;28126771.49;31008958.24;34160913.64;43366820.27;33164518.65;34488743.1;195573812.47;230598264.28;255731458.72;270106053.1;459044582.64;478606987.84;354882440.08;401560446.02;60125296.6;238987635
Місцеві бюджети;Хмельницька обл.;0400 Економічна діяльність;1625305600.93;2063996890.27;1867821928.24;2020299046.23;1771882794.36;1900509306.56;1985537156.55;2256904379.36;972069841.68;2198465100.16;2568241374.45;3002245015.34;912712405.32;1251180836.85;866484021.46;1125371888.48;52591911.28;715910903.48
Місцеві бюджети;Хмельницька обл.;0500 Охорона навколишнього природного середовища;32216365.41;51834150.6;54291729.34;62073677.52;23583848.33;32120816.45;18417582;24692659.86;7421442.34;21035697.6;44117796.23;52890453.5;19174260.91;24518808.99;15281373.54;41108896.62;259601.22;24927739
Місцеві бюджети;Хмельницька обл.;0600 Житлово-комунальне господарство;628936677.72;706892765.91;708869948.77;736417007.16;787509899.26;799592641.16;1591386335.06;1634661122.77;1088535576.34;1198395730.02;1392468446.64;1493331354.89;1366433977.16;1394826167.68;1636279350.53;1714418286.73;253395454.76;1461628627.29
Місцеві бюджети;Хмельницька обл.;0700 Охорона здоров'я;2947930757.37;2854883659.53;2868943113.69;2773770343.08;1297533679.28;1297634932.1;877980342.19;735586857.06;1025311146.3;881499313.14;1420889516.7;1371847435.08;1002220065.78;1105412185.64;1310600024.12;1362818063.68;140919673.9;902741211.38
Місцеві бюджети;Хмельницька обл.;0800 Духовний та фізичний розвиток;551595019.63;560842330.23;685447717.12;672183005.81;678026810.36;756793824.82;973186328.99;980731685.82;772531948.77;868702522.86;920410293.2;958001128.23;984462394.29;1005601708.96;1063888048.26;1097527870.12;160044787.42;1182412106.3
Місцеві бюджети;Хмельницька обл.;0900 Освіта;5672545612.95;5822667591.01;6279894847.66;6491117622.94;6667812407.32;7069809479.35;8413450867.03;8730310660.37;8374118998.17;9055803970.07;9610771249.59;9923163975.21;10676545695.43;11256536865.45;11819703306.57;12367525854.13;2107807466.16;12010856530.45
Місцеві бюджети;Хмельницька обл.;1000 Соціальний захист та соціальне забезпечення;5461716081.8;5544593562.43;3645748594.11;3988083843.02;732321454.64;755472834.98;844983834.73;861104583.03;1035452989.89;1054675469.9;1600580055.95;1618351919.33;2083243223.2;2038706447.99;2419279252.89;2259291891.39;317664017.55;2170303057.83
Місцеві бюджети;Хмельницька обл.;-9 не існує;;;;;;;;;;;;;;;;;0;40086945
Місцеві бюджети;Черкаська обл.;;23754193879.39;24786278664.37;20985549181.12;22831514490.2;14278658573.82;15434567954.94;15897836769.35;17203344954.32;15100151029.47;18248790979.13;20851330666.65;23675397080.8;21076444584.31;23238563372.98;23164778285.34;25054207787.63;3274343868.56;23223348532.17
Місцеві бюджети;Черкаська обл.;0100 Загальнодержавні функції;7476915739.39;7611180395.27;5738065567.6;6283849212.62;2558486120.15;2779968075.9;2325024859.5;2457812627.21;2368888313.06;2755024526.21;4084209924.96;4659552738.92;3603795805.29;3877631427.07;4349326264.18;4724444649.1;554235719.63;4250697021.23
Місцеві бюджети;Черкаська обл.;0300 Громадський порядок, безпека та судова влада;15710191.98;17351738.34;19428899.65;20776226.23;31448598.05;32922325.07;25052923.49;26576493.04;167402586.64;229177707.14;467575106.83;573318350.8;420908973.71;541604345.24;418504279.93;534732886.1;19627347.49;372247117.14
Місцеві бюджети;Черкаська обл.;0400 Економічна діяльність;1337380022.77;1907974676.28;1707482715.31;2204532286.97;2129149590.71;2472586274.91;2757565929.97;3579333845.4;1495835485.54;2768402524.91;2392162921.78;3444359004.79;1790184829.92;2418668869.79;1615347294.2;1953610315.94;152273703.32;1240728713.67
Місцеві бюджети;Черкаська обл.;0500 Охорона навколишнього природного середовища;33571228.56;49099198.73;80951156.92;107118610.76;61674111.87;81147622.22;47586703.4;62781669.82;26842427.95;64513411.67;39760109.97;76799544.58;37840941.66;77331876;49956358.59;106891424.78;2407411.36;88473594.38
Місцеві бюджети;Черкаська обл.;0600 Житлово-комунальне господарство;485153370.71;512959870.55;527225050.66;583913732.29;484501579.78;529684346.85;832447689.18;858746387.23;784415516.38;1289510044.1;1088007447.4;1183119013.04;1129018545.2;1230483151.6;1375667036.67;1513002653.88;163610450.41;1551889356.27
Місцеві бюджети;Черкаська обл.;0700 Охорона здоров'я;3043243205.71;3071821127.71;2892384845.72;2966683213.05;1594705081.04;1661416178.51;828424054.46;852051166.91;1065304145.58;1149043082.34;1621379334.92;1876715563.85;1374891362.15;1523729895.91;1586223066.85;1787264724.27;185617280.38;1600296765.84
Місцеві бюджети;Черкаська обл.;0800 Духовний та фізичний розвиток;572585768.15;579906824.2;627414080.32;651056624.9;618895969.02;657215586.99;739063511.77;746623206.86;712215094.39;780512416.78;896190424.53;978301822.17;943169634.94;994174729.8;1033525135.89;1078158238.49;147371317.85;1174399633.18
Місцеві бюджети;Черкаська обл.;0900 Освіта;5142651756.17;5369619638.44;5636409714.74;5908723339.66;5992691622.63;6394546462.97;7444644339.22;7717749182.61;7285403215.27;7980312134.71;8455989969.98;9085356535.48;9566686258.25;10358265642.89;10438250743.86;11006975984.52;1756451512.54;10709087902.28
Місцеві бюджети;Черкаська обл.;1000 Соціальний захист та соціальне забезпечення;5646982595.95;5666365194.85;3756187150.2;4104861243.72;807105900.57;825081081.52;898026758.36;901670375.24;1193844244.66;1232295131.27;1806055426.28;1797874507.17;2209948233.19;2216673434.68;2297978105.17;2349126910.55;292749125.58;2158365802.18
Місцеві бюджети;Черкаська обл.;-9 не існує;;;;;;;;;;;;;;;;;0;77162626
Місцеві бюджети;Чернiвецька обл.;;15621618568.42;16581628466.49;14867997602.07;15987902686.88;9377956975.69;10390697328.94;10637936351.19;11055229993.63;9978910601.18;11229764836.84;13071806484.82;13696588000.89;13263453285.41;14216144030.99;15046242285.96;16074411172.21;2096777095.62;15158276437.01
Місцеві бюджети;Чернiвецька обл.;0100 Загальнодержавні функції;4755727811.59;5000127684.78;4045819795.03;4364985478.63;1548678965.31;1668899880.41;1493338610.91;1580942415.54;1371497523.17;1667017333.31;2245579890.82;2508386079.72;1982976300.07;2534002711.92;2511426568.13;3091590715.03;307926345.91;2358808581.26
Місцеві бюджети;Чернiвецька обл.;0300 Громадський порядок, безпека та судова влада;25104711.71;26804017.77;29575908.26;29261084.44;70739202.58;81594423.47;68947532.17;71942575.35;115484158.69;124997743.72;165826775.47;161058733.18;130947136.65;134294150.52;145370458.25;162037657.67;25796698.33;342138128
Місцеві бюджети;Чернiвецька обл.;0400 Економічна діяльність;1038759292.7;1446741357.29;1224730684.72;1530056344.12;1213503178.83;1643504553.72;1506917761.37;1686772014.28;478025551.87;939199809.12;1172275514.71;1360701756.97;757270362.52;856723418.76;725171349.33;926543120.39;26014610.11;680613102.68
Місцеві бюджети;Чернiвецька обл.;0500 Охорона навколишнього природного середовища;8668400.34;11716005.02;25023897.69;33189890.22;5493768.68;10128833.47;8053116.47;10183367.68;2898674.84;9467893.26;8638245.12;15407694.97;5981533.03;10225197.39;11993184.49;17822372.98;113709.03;14924561.17
Місцеві бюджети;Чернiвецька обл.;0600 Житлово-комунальне господарство;242902719.73;261032514.7;256341605.06;264305026.99;322370203.56;330728623.83;517968446.69;544375481.3;842647694.7;1053305309.66;1304442328.53;1373724271.34;1098442176.05;1187163173.04;1197704218.11;1315858516.49;103647845.26;1464489487.97
Місцеві бюджети;Чернiвецька обл.;0700 Охорона здоров'я;1817555249.26;1819091448.58;1835228522.69;1781817843.42;829504669.38;856661259.4;433524890.37;470570915.68;403911476.74;431771165.46;471490774.12;518715842.24;421905970.63;442604628.86;621910583.49;664333864.09;66675813.08;587458279
Місцеві бюджети;Чернiвецька обл.;0800 Духовний та фізичний розвиток;342313951.6;347352386.15;379320824.66;390463776.49;376488103.99;398262218.42;409508996.83;416537847.46;396747338.62;434568143.44;472188340.99;498562127.24;478865266.67;489155989.45;515853351.85;547123801.34;76091381.82;605577097
Місцеві бюджети;Чернiвецька обл.;0900 Освіта;3839741910.63;4100359590.14;4483010333.43;4749887496.46;4652827634.58;5035867713.12;5798570679.1;5879535134.46;5789600788.84;6060865895.9;6489791963.12;6561712782.36;7541603221.52;7742096023.61;8334858256.15;8401220449.73;1364436846.42;8159353929.3
Місцеві бюджети;Чернiвецька обл.;1000 Соціальний захист та соціальне забезпечення;3550844520.86;3568403462.06;2588946030.53;2843935746.11;358351248.78;365049823.1;401106317.28;394370241.88;578097393.71;508571542.97;741572651.94;698318712.87;845461318.27;819878737.44;981954316.16;947880674.49;126073845.66;939913270.63
Місцеві бюджети;Чернiвецька обл.;-9 не існує;;;;;;;;;;;;;;;;;0;5000000
Місцеві бюджети;Чернігівська обл.;;21669391458.26;22373923938.43;18046220806.47;19385667475.26;12174126652.9;13100524025.14;13357942909.44;14299049090.24;11832419592.16;15099366317.32;16417386686.87;18245036230.9;17058498394.74;18688039936.19;19039300684.31;20814356545.51;2723255982.65;17967554211.43
Місцеві бюджети;Чернігівська обл.;0100 Загальнодержавні функції;7600966591.37;7763322062.41;5011170929.55;5508017037.18;2172075700.02;2365663453.28;1822980966.43;1980267611.14;1489576181.96;1968494563.56;2840955968.63;3205974901.32;3015730449.63;3055426635.52;3730651524.57;3818687462.85;666901423.4;2729650140.11
Місцеві бюджети;Чернігівська обл.;0300 Громадський порядок, безпека та судова влада;44216641.13;47731708.56;53653911.47;56482400.2;56679060.43;62040027;63813463.4;74131213.43;430164380.17;512298497;573180597.14;552268748.48;702856991.89;676888606.1;505014377.28;609673968.65;98576959.58;972816195
Місцеві бюджети;Чернігівська обл.;0400 Економічна діяльність;1642931057.68;2033613543.16;1876162738.7;2124755892.66;1934669547.2;2171400877.27;2281201211.37;2602901462.51;957418074.84;2050278839.52;2246022571.18;3284112962.24;1333536309.24;2471547984.12;1193034480.26;1573615712.64;55452337.36;1313630553.17
Місцеві бюджети;Чернігівська обл.;0500 Охорона навколишнього природного середовища;22359260.01;45794569.45;50304395.32;82436758.54;44939334.68;60454239.15;33427469.66;51624072.72;20900867.66;58204844.01;36239605.4;46118511.64;21346123.12;27153042.35;20325033.02;38826732.19;498757.29;31140953.91
Місцеві бюджети;Чернігівська обл.;0600 Житлово-комунальне господарство;387598783.51;428714355.03;481412698.23;524349207.77;511193826.63;532263835.03;887247211.44;951520925.45;822632337.86;1442042642;1099156750.13;1207513820.59;890112390.68;856318005.35;924158870.61;1095976908.32;101806829.72;1052096897.08
Місцеві бюджети;Чернігівська обл.;0700 Охорона здоров'я;2532680882.65;2478314164.58;2293291213.79;2369813658.22;1212578313.81;1302312300.22;666023349.79;726956045.71;612808301.79;795222138.55;865426491.09;967884019.67;919682113.71;1049586966.68;1014167095.34;1394123342.89;112889181.04;908991734
Місцеві бюджети;Чернігівська обл.;0800 Духовний та фізичний розвиток;543176283.86;559349934.96;640708922.72;653107416.54;616352353.63;644046991.7;723572762.14;741900605.57;646578693.12;752509723.83;826490534.43;866458701.59;899708177.68;928015114.63;982040953.87;1002620365.7;135936841.03;1002818958.74
Місцеві бюджети;Чернігівська обл.;0900 Освіта;4155361438.73;4257561522.24;4631346847.97;4764450543.42;4846373975.66;5153432260.28;5979594207.2;6255596809.86;5895507284.09;6534254329.84;6661473410.85;6819373390.65;7761171522.79;8159524895.58;8979886900.86;9577342889.4;1304465009.32;8201739108.42
Місцеві бюджети;Чернігівська обл.;1000 Соціальний захист та соціальне забезпечення;4740100519.32;4759522078.04;3008169148.72;3302254560.73;779264540.84;808910041.21;900082268.01;914150343.85;956833470.67;986060739.01;1268440758.02;1295331174.72;1514354316;1487227507.86;1690014368.5;1703479303.87;246728643.91;1749871281
Місцеві бюджети;Чернігівська обл.;-9 не існує;;;;;;;;;;;;;0;-23648822;7080;9859;0;4798390
